iteration;g_mean;velocity_mean
0;0.26529785506734294;-0.03304176313839079
1;0.2518327168741753;-0.03612560498256895
2;0.24584514545981762;-0.04005913675707585
3;0.2443319166416818;-0.03930843723106188
4;0.24410663356346868;-0.03721893495164249
5;0.24439103847169008;-0.03491508139257946
6;0.24466164228287618;-0.03250642563290603
7;0.24512565080765075;-0.03031571850674672
8;0.2457413265784402;-0.027801863969551237
9;0.24627193559685673;-0.0253902808693744
10;0.24673044151712653;-0.022782528971740067
11;0.24704950233150277;-0.020334471273330275
12;0.2473305096663201;-0.017741552383748076
13;0.2486651082829935;-0.01470792245786992
14;0.2497218999240781;-0.012650912544256607
15;0.250212695684196;-0.010930432745478988
16;0.2501843849602833;-0.009724710393811146
17;0.25006714231322585;-0.008869654882513952
18;0.25066566191588197;-0.007554872975985649
19;0.25190412203275936;-0.006298814663224461
20;0.25263024212134905;-0.005795074546489859
21;0.2528546074501429;-0.005514198284679838
22;0.2528545180576804;-0.005298488961431666
23;0.2532607738587933;-0.0044018771771232364
24;0.2549897200358314;-0.002588734979455432
25;0.25750605519896597;-0.0010557253984776645
26;0.25993857734480963;-4.678168422339188E-4
27;0.2624347738090229;6.809535078477688E-5
28;0.2643893368426399;1.2813499595202839E-4
29;0.26573990340776865;1.2005065890055219E-4
30;0.2666255056857806;-3.1214137448763724E-4
31;0.26692771578072283;-0.0012282435886350209
32;0.26635682363910074;-0.0026982782505255015
33;0.2652485234213192;-0.004110309166669415
34;0.26462750722413003;-0.004957601738611377
35;0.26387953245874585;-0.005834576077396796
36;0.2629951151887229;-0.006736688273246182
37;0.26237466589619796;-0.006957080368629386
38;0.26192071358790175;-0.007246141738093728
39;0.2616684779363;-0.00739411212396818
40;0.2614159695968311;-0.00785529656946892
41;0.26080850271563033;-0.008297030470424628
42;0.26019266017734877;-0.008894010709815709
43;0.2589133707822138;-0.009786203387977359
44;0.2577128819853937;-0.010332036416132848
45;0.256770220235494;-0.010445286253365866
46;0.25674765301027275;-0.009869482458205542
47;0.2567058431493074;-0.009328013373666214
48;0.2566700714032669;-0.008559080084774937
49;0.25648026441477056;-0.00857433245011091
50;0.2563746952151015;-0.008137612895643324
51;0.25643246928814717;-0.007746228741306299
52;0.2565946755566861;-0.007565165996309393
53;0.25724714218307293;-0.006897170672302323
54;0.2582196066595212;-0.0061162982767906365
55;0.25868241047580626;-0.006307982481076007
56;0.25928120910509683;-0.006194780030294192
57;0.2599290098997069;-0.006083927050982634
58;0.26034747457761637;-0.006381886562748291
59;0.2600488707213105;-0.006749066696768597
60;0.25967453335853624;-0.006948026928293362
61;0.25893043610728417;-0.0076798188078412155
62;0.25804605616412574;-0.008236450684390165
63;0.2581129313266214;-0.008216962466573007
64;0.257839936049303;-0.008610481022629703
65;0.2574748852801362;-0.008922147706293097
66;0.2574110751902773;-0.008817621628390305
67;0.25739252726911277;-0.008728869261195833
68;0.25762655930716327;-0.008491826758391548
69;0.2577717026588195;-0.008153253874577744
70;0.25790585460793264;-0.008310386549498307
71;0.25762066715480664;-0.008124256580749533
72;0.2576275295539669;-0.008092876059407995
73;0.2575822924953817;-0.00776015793305167
74;0.2581364237070024;-0.007327916047366059
75;0.258495334655617;-0.006734881657654167
76;0.2579242361613881;-0.00679740583189962
77;0.2573072636247673;-0.006704964442713972
78;0.25737011133228715;-0.0065565546881505956
79;0.2578215592464945;-0.006112588689995151
80;0.2585199764225466;-0.005887242649517439
81;0.2591364409212119;-0.005631431694056608
82;0.2595371217053624;-0.005650004023451139
83;0.25970672930174943;-0.00572493215749441
84;0.2599524887435302;-0.00607223482032975
85;0.25995836712265497;-0.006320954747422383
86;0.2600369344342088;-0.0062113101804555215
87;0.2607108506145447;-0.005436279075742054
88;0.26188194114481583;-0.00428106571127716
89;0.26335432698877465;-0.002994646112265077
90;0.26466969037100335;-0.002009393310103369
91;0.26527954714494784;-0.0014453559328768488
92;0.2658667715897501;-8.892627375223026E-4
93;0.2676522683988195;4.2188288516269574E-4
94;0.2688942451182947;7.314286013692932E-4
95;0.26941061063736166;7.22500700646473E-4
96;0.269654104623415;2.9716834758205835E-4
97;0.2697709762173244;-3.4010391791510045E-4
98;0.2698064569822657;-0.0011332456053761465
99;0.2693608905697428;-0.0018908945333584927
100;0.2693052408389864;-0.0022054806063703998
101;0.2695430960776103;-0.002555515551804654
102;0.269530501572283;-0.0032222526702044515
103;0.26932962752706435;-0.0035748498359407647
104;0.2690824328160561;-0.0037983047821567514
105;0.2686479749822436;-0.003868375845691558
106;0.2683619193919088;-0.004078730981553835
107;0.2685969193389984;-0.0036821307742710015
108;0.26889012699968234;-0.0030765059840009434
109;0.26880793602102293;-0.003127590451065725
110;0.2683621811896496;-0.0029838884384225583
111;0.2680400180492829;-0.003185838293426055
112;0.26808683956347534;-0.0025485598338303005
113;0.26826632296521946;-0.002355632386232813
114;0.2680309875751526;-0.002654063263430016
115;0.26868419572761615;-0.001910952840065052
116;0.26962870051820886;-0.0012873791628095863
117;0.2698170484768668;-0.0012387049845148125
118;0.26992518820385925;-8.641571198480087E-4
119;0.2694299528884061;-0.0010545702114236229
120;0.2688652848888012;-9.398642237610389E-4
121;0.26860901102080287;-0.0011657771220563607
122;0.2694663199578167;-5.756432105405295E-4
123;0.27049668301216456;-1.3857047381609158E-4
124;0.2716282012487536;1.0429682981987279E-4
125;0.27244628350064903;1.6091331829522839E-4
126;0.27295017940145117;2.2672644354474746E-4
127;0.2731683468016174;-1.3493635379604741E-4
128;0.2729095412096673;-5.990426249650648E-4
129;0.27234946637526564;-0.0010754535813572177
130;0.2717626792053328;-0.0017615803358420814
131;0.27126264877069844;-0.001919695967697589
132;0.27039364419392065;-0.0025258464265622443
133;0.2693769063951001;-0.0035221909481437837
134;0.26900915364865735;-0.0038641383461092338
135;0.26932564298713774;-0.0035211272128866274
136;0.26889187684279386;-0.004033755842827531
137;0.2677381709210799;-0.005020189022010177
138;0.26636610110808523;-0.006327425991861211
139;0.26560303338686;-0.006684325047861475
140;0.2652319320769769;-0.006556182680399163
141;0.26511679433824953;-0.006325724882216258
142;0.2655312712907247;-0.005391694802254598
143;0.2663205311285598;-0.004169507385668967
144;0.2676646929383099;-0.0028312504214803038
145;0.26892886043229003;-0.0020212376554071417
146;0.26925928775246555;-0.001976894768449959
147;0.26899095421043456;-0.002706663683605997
148;0.26912614351787034;-0.0026090798322747446
149;0.26922558326938023;-0.0026004649967441957
150;0.26954774366815315;-0.002158273861042161
151;0.2696783879146584;-0.0016478564897469388
152;0.2705384708481011;-8.730090923297296E-4
153;0.2717539448713202;-5.01647314371835E-5
154;0.2729118146058232;6.861579935822689E-4
155;0.27340738167924034;6.724438304566975E-4
156;0.27405352699878543;7.453253949127235E-4
157;0.2747238101753989;9.82914507483456E-4
158;0.27562854330595893;0.001579608496565303
159;0.2766738115344321;0.0024317268421209033
160;0.2782276017622773;0.0034282182554605835
161;0.27941425652287344;0.0032062957499458256
162;0.2792532422866988;0.002201469647467494
163;0.27856584244817306;0.0012571724415608326
164;0.2775097418445919;7.198624829169025E-5
165;0.27695098058156187;-6.527473342620354E-4
166;0.2768051344882115;-7.148833320016416E-4
167;0.2759282114491089;-0.0015389940749050881
168;0.27556163782258525;-0.002201282556257716
169;0.27532585734646464;-0.0026570984301123937
170;0.2745684498657265;-0.0029681803764828076
171;0.2743720838123598;-0.002969641147486131
172;0.2739297330831406;-0.002905182127331123
173;0.27340224395320945;-0.003291853283011384
174;0.2726642121495983;-0.004045835311299909
175;0.27222278823552876;-0.004552096594996483
176;0.2719115045953609;-0.0046176847399371345
177;0.2715167908049345;-0.004602954946152907
178;0.2710722571108929;-0.0048286119381757186
179;0.2703013919226878;-0.004771133977589924
180;0.2697556250056028;-0.004779576832186444
181;0.26974301432030334;-0.004311107019986852
182;0.2700812119121533;-0.003580022702252944
183;0.2708237009031211;-0.0028878746264600374
184;0.2718874259255225;-0.0021711523933706364
185;0.27225735196984624;-0.0020430666213745547
186;0.27248267896736045;-0.00196702937977881
187;0.2721893147654971;-0.0027573267051621115
188;0.2724993500137303;-0.0028201164516035993
189;0.2725949473482327;-0.0030590282194300654
190;0.27189039196031267;-0.0038114279841640875
191;0.2714774026338457;-0.004331802695460516
192;0.2714609987685421;-0.004218882093057395
193;0.2707460947934236;-0.004119402156853243
194;0.26991336647563435;-0.004255774378975264
195;0.268928316763094;-0.004277601759878718
196;0.26837949757011026;-0.003925745299897613
197;0.26826537996917466;-0.0034012893361360505
198;0.26784531921108135;-0.0032567381698787633
199;0.26748591502301516;-0.0030809252250407525
200;0.2675324485198013;-0.002776267011389162
201;0.26853801623737084;-0.001940540505671498
202;0.269677253587232;-9.791166825148772E-4
203;0.2705727803612531;-6.128644795992462E-4
204;0.2718650553732377;1.99943024119964E-4
205;0.27296433665494435;2.905994901307572E-4
206;0.2732706502901376;-9.419896639443828E-5
207;0.27264432327181554;-9.118579284145293E-4
208;0.2714662184591331;-0.0023625576801220515
209;0.27086264028903884;-0.0025299708269749957
210;0.2712803434419359;-0.0020356638923737904
211;0.272052192372638;-0.0012078899836000545
212;0.2727573960455884;-9.131539493397872E-4
213;0.27319343189475226;-8.22632563269525E-4
214;0.27300712826611767;-0.0010376956080705227
215;0.27331777371169974;-6.072721703953704E-4
216;0.27378415190513555;1.3095612604240026E-5
217;0.27446722560822767;6.339580521712518E-4
218;0.2748560408944466;5.232500601414142E-4
219;0.27568830774812725;0.0011419511018609836
220;0.2760642822164783;0.0011217231768954332
221;0.27611146985782636;9.242489570101778E-4
222;0.2764730226125972;9.341994063147306E-4
223;0.27660130618100637;5.131119725811436E-4
224;0.27628043440193323;-1.1291867368606046E-4
225;0.2756552589879947;-0.0010055079536761436
226;0.2746483632276934;-0.0020665192186221926
227;0.2735583177495795;-0.0026997678477624575
228;0.27225516123167004;-0.00319509650426001
229;0.27134285431441657;-0.0030511521063186367
230;0.2712810554709423;-0.002321896248258698
231;0.2715424880303345;-0.0017957533092971857
232;0.27189769195684504;-9.986467711485037E-4
233;0.27241273972458385;-2.6570088763115744E-4
234;0.2722111747274246;-5.001960161163707E-4
235;0.27228014959847807;-4.85628267950574E-4
236;0.27237663515749766;-2.840011434207312E-4
237;0.2725735667605633;-1.7672650106097254E-6
238;0.2726630500620363;3.649371144318077E-4
239;0.2727472336741247;5.500965587297062E-4
240;0.2729976530301053;7.203663899573089E-4
241;0.27327236828936996;6.649272081577402E-4
242;0.27349865738623386;4.6956544633329283E-4
243;0.27436299660751623;0.0010827399410598044
244;0.2745967747083471;0.0011488924161368644
245;0.2746359366502952;0.0011144201120112545
246;0.2743173111734024;5.990301787785867E-4
247;0.2735694086981041;-1.4424852967167973E-4
248;0.27319724320184824;-6.658535492540619E-4
249;0.2731372481574431;-6.937869278939863E-4
250;0.27311860254596143;-7.104090719949323E-4
251;0.2734800264738814;-2.2127701689077586E-4
252;0.27407941667665525;1.4601019575209707E-5
253;0.2747408027172805;6.15869040584173E-4
254;0.27552708205255716;0.0011948019911975603
255;0.2758970110403926;0.001211392340221248
256;0.27654144326559627;0.0015126651856661138
257;0.2768403770427545;0.0012933782201397042
258;0.2767602801812902;0.0010467411709593685
259;0.27656805085665553;6.261923315936995E-4
260;0.27631698184457365;2.2098146300392058E-4
261;0.2760200291987411;-2.921633781876716E-4
262;0.2756550301497547;-7.15223463633035E-4
263;0.2749783385185823;-0.0018573915764255391
264;0.2748971367241579;-0.002095663683308994
265;0.2745936657419993;-0.002669194518238055
266;0.27463933523752776;-0.0022340005029485195
267;0.2758944726850882;-7.275469936756159E-4
268;0.27654347744055086;-5.75969997453233E-4
269;0.27684575647101306;-1.8565619062689762E-4
270;0.27750375756286894;4.2377396650432054E-4
271;0.2784289523673209;0.0010241083487927995
272;0.279401733149418;0.0015579730025270231
273;0.2800923417668739;0.0020203478363365343
274;0.2805281167663304;0.0023697647200126874
275;0.2810608495146759;0.002444498113998183
276;0.28129269457891676;0.0021325157338617827
277;0.28167689221049247;0.0020579993748352883
278;0.28208009111793336;0.0021650700405013946
279;0.2815276417073519;0.001202019158574344
280;0.2807517410232706;8.265541890582325E-4
281;0.2801557417618007;6.446459336457939E-4
282;0.2806963251391264;0.001648899162134454
283;0.28066608759584655;0.001728210372312315
284;0.2800996054075831;0.0015940033727094578
285;0.27960943483109924;0.0012806628059439328
286;0.2794486476848038;0.0011608979768831663
287;0.27976244475650314;0.001560622652382187
288;0.28008723739457275;0.001618511390351307
289;0.2800559833684645;0.0015766789617947413
290;0.28017986573659104;0.0015590831906870134
291;0.2802758271865522;0.0013177422004167238
292;0.28025677332330645;0.0012998151171293674
293;0.28024040188490923;9.81117933530995E-4
294;0.2803116754581863;0.001089363987920354
295;0.2802850722700874;9.661668908402838E-4
296;0.28019502085953396;0.001095993356725209
297;0.28054150248842724;0.0013557263326480309
298;0.28131670046454255;0.0018350765962004017
299;0.2819966891795459;0.001976571404355638
300;0.28279809738946726;0.0023092427564765892
301;0.283259112202512;0.00241852404457093
302;0.2836640119858739;0.0025833056652008156
303;0.28372289980631143;0.0024550590382839423
304;0.28340945057813033;0.0017756538020747934
305;0.28339160822047854;0.0015062983935933013
306;0.283337344635851;0.0010821048246350093
307;0.2832175147039012;8.173719999858837E-4
308;0.2827884278632179;7.036361281288227E-4
309;0.28177255140403845;3.2881670070884425E-4
310;0.28067970658080876;-1.249201610306956E-4
311;0.2794629867822876;-1.2646842860192936E-5
312;0.27902621203616584;2.949998534923351E-4
313;0.27889779016427163;5.807599974728545E-4
314;0.2790925853707491;8.827784249201144E-4
315;0.27984367021082945;0.0013772184365158494
316;0.28037923760548383;0.0017375776850649706
317;0.280645032469341;0.0021119114612673196
318;0.28080827577489037;0.0023645771292624316
319;0.2810292888322933;0.0028575805324990654
320;0.28132767903504996;0.0029743011248666838
321;0.28195405644354316;0.0032840469579394405
322;0.28236121648497103;0.003113494305351684
323;0.2827060245238969;0.0031554308080759008
324;0.2830391901019843;0.0031515488699458303
325;0.2832467143685181;0.003158448050168027
326;0.2835420834146456;0.0031442810763048965
327;0.28315821906514127;0.0025276056056687908
328;0.28296536864684213;0.0020449181738152328
329;0.2827086260582602;0.0012274780910353535
330;0.28165394775589336;-2.3633781639981476E-4
331;0.280919112242046;-5.339626788903248E-4
332;0.2802208312838083;-0.001067211019653414
333;0.2789092236932985;-0.0020497184349503087
334;0.2775843387913052;-0.0028440195840368026
335;0.277106259644413;-0.0026361099120565295
336;0.2772345428986284;-0.00196090462457301
337;0.27691302591608463;-0.0020514248547906983
338;0.27692724994427276;-0.001716614204237566
339;0.27728619655150405;-0.0010617129953373328
340;0.2780954680411277;-2.750141073374408E-4
341;0.27912738126456343;2.7382181819271404E-4
342;0.2799805459602166;7.60193815061247E-4
343;0.28012744991785615;6.818588316619585E-4
344;0.2798308041422084;5.542023256426686E-4
345;0.2792673582342529;2.847233385260085E-4
346;0.2790537685440472;9.987749591146774E-5
347;0.27869780622931317;-2.303227223945929E-4
348;0.27794081316250824;-6.045179123251095E-4
349;0.2782092713743817;-9.089293944287077E-5
350;0.27860517000514795;3.390224426994187E-4
351;0.27916070875666377;0.001036385075433692
352;0.2811062813136689;0.0027124786198409064
353;0.28216063836165006;0.00311005228385336
354;0.28280529692976025;0.0034169661079343173
355;0.2827698236231147;0.0028234641829475997
356;0.2824675978829889;0.0027307413224709307
357;0.2822557326078893;0.0024505429644147993
358;0.28241000393443544;0.0021282080179746686
359;0.28216159789577244;0.0014115049517929232
360;0.28185350245694313;0.0010119616897127219
361;0.2812284230329731;4.756818492846919E-4
362;0.2808045120262647;-1.8285651088548183E-4
363;0.28039470204196676;-5.656366059746925E-4
364;0.27983475431561955;-7.058702630023276E-4
365;0.28006039949804384;3.745420381234814E-4
366;0.28008736255182004;6.867291742201048E-4
367;0.27986158750637524;8.981835955766626E-4
368;0.2797413164918711;8.588790520002853E-4
369;0.2805555812520532;0.0017229478297320043
370;0.2813732490761463;0.0022693990924995506
371;0.2821677068702019;0.0028027962155304765
372;0.28297268217046256;0.0035838320219245983
373;0.28328013573530786;0.003479183239066471
374;0.2833162098152922;0.0031437244762401373
375;0.28260377234738965;0.0021493260724774295
376;0.2820130223754041;0.0017213903535698391
377;0.2818313445912202;0.001300604519367668
378;0.2823737789431147;0.001254832431867816
379;0.2828332949174623;0.0016377603163639036
380;0.28295911544839275;0.0012088319847126862
381;0.28293695169140215;7.777602428346797E-4
382;0.2824136517552741;3.1593314943362537E-4
383;0.2821760693317174;-1.4782376134467797E-4
384;0.2826444515551253;7.679765006719172E-5
385;0.28299503239646967;-1.6965755841757136E-4
386;0.28334995786350453;-6.649032128557206E-5
387;0.2838825539888365;1.2214069797715775E-4
388;0.28437192932732347;1.0995833303622179E-4
389;0.28483216150132357;3.6204470052978653E-4
390;0.28493965655700243;2.992011652673692E-4
391;0.28467782813342735;-8.062418872221803E-5
392;0.28456479594848927;-3.6999129742095355E-4
393;0.28382333133424437;-8.156203434275804E-4
394;0.28304452976201866;-0.0012005900832717507
395;0.28231471942764175;-0.001680729959701286
396;0.28191561891495437;-0.0018481458588572592
397;0.28109365545619225;-0.0023808053764539684
398;0.2799053022410225;-0.003003809687909434
399;0.27859678768130974;-0.0034361858333295477
400;0.27793696339959034;-0.0033258737487947554
401;0.2776630360662079;-0.0029989358368262787
402;0.2771713661404891;-0.0031911413224879346
403;0.27678470461887106;-0.0032897507925463768
404;0.2771817057130944;-0.002333105166599782
405;0.2775833478496077;-0.0013190117135966593
406;0.27778040478926674;-8.698036777640584E-4
407;0.27827883585175067;-2.557001031894809E-4
408;0.2786909000867664;-1.206246517272691E-5
409;0.2789188473730844;9.53643903761972E-5
410;0.27971871162009604;7.575786834869237E-4
411;0.2803726139761594;8.985036654509997E-4
412;0.2800751974348533;7.827130325533588E-4
413;0.2794472009584125;2.8160887517926085E-4
414;0.2781755540342196;-0.0011474462320421833
415;0.27711796829687185;-0.002006793724522807
416;0.2761624780914756;-0.002345409363409085
417;0.27544399796014674;-0.0025422115474488852
418;0.27525749432434804;-0.0025663188684169882
419;0.2751462533960495;-0.0024618734989356275
420;0.27551919122970536;-0.0017172862514772346
421;0.2761486989961729;-0.0010279561031281998
422;0.27641229637075326;-9.268876332443693E-4
423;0.27597217765859294;-0.0010602535320009417
424;0.2761409000651125;-6.629461771882963E-4
425;0.2766067494576772;-2.88151883053539E-4
426;0.27786942334814163;7.245400982857593E-4
427;0.2783254812308103;7.383040752787721E-4
428;0.27865912490640943;0.0010307765880540956
429;0.27896339016540245;0.001083568449744867
430;0.27866411568957816;6.551583605890768E-4
431;0.2785322378213538;7.138485075574789E-4
432;0.27857348584078023;7.026469147184723E-4
433;0.27892392960037704;6.169684055560946E-4
434;0.27879540379159184;9.076057631754522E-5
435;0.2789845570396986;6.376433269852419E-4
436;0.2787987239591999;5.640256548746752E-4
437;0.27856573066792856;4.991839575563727E-4
438;0.27843432142607255;7.591425817039144E-4
439;0.277978260798262;5.724964526954708E-4
440;0.2778043907460127;9.243260527948376E-4
441;0.27827468854199877;0.0017551959071033054
442;0.2788969044755539;0.0026102050777800654
443;0.27936053706425573;0.0027113717631922335
444;0.2797011661835439;0.002916143856601605
445;0.2803645450201512;0.003189101192901173
446;0.28099109139489037;0.003595887037180598
447;0.28132753009303524;0.003916545410150583
448;0.2816430678121037;0.003734619855319618
449;0.2818868228515406;0.003614708574167888
450;0.28253806784736685;0.003654670702184704
451;0.2831566977446557;0.004070281354678582
452;0.28359406487587857;0.003794740856028453
453;0.2835640312318465;0.0032642207595066806
454;0.28312437979166116;0.0024873679813271383
455;0.28223397592703503;0.0015679577022031904
456;0.2816916047831829;0.0011627782626601108
457;0.28110851482081467;7.586655557620288E-4
458;0.2809328873389582;9.326986840736753E-4
459;0.2802961507030818;5.948687271261722E-4
460;0.2799313004340877;2.3853249786760165E-4
461;0.27919539507227426;-1.816560629970286E-4
462;0.27877298035004405;5.6936644992894304E-5
463;0.27903766702998023;3.991352744991537E-4
464;0.2799568387668605;0.001105950297883091
465;0.28086154206153113;0.0014067330794047949
466;0.2804766349809271;7.02276358614988E-4
467;0.2798507591479359;-6.24422044017782E-5
468;0.2794636991723573;-8.148602934854754E-4
469;0.27966971361220194;-7.929216101908359E-4
470;0.2800765714244124;-4.8365230983756364E-4
471;0.2803333734807959;-1.9624125596360772E-4
472;0.2796318710967661;-0.001055881885347064
473;0.27905202898101084;-0.001772562488322038
474;0.27845125283038685;-0.0020060389229394305
475;0.27863103474191675;-0.0019441956262073047
476;0.2793605767421673;-0.0012467776482721466
477;0.2797874721680891;-0.0010362597380068964
478;0.2801059504068954;-6.25312805956986E-4
479;0.2806997180083777;1.2241822123279858E-4
480;0.280896195020488;3.3345379001819414E-4
481;0.28067806258275296;1.7000693879649227E-5
482;0.2804886164192798;1.0548027545528998E-4
483;0.2806807060479882;4.6804738876763465E-4
484;0.2804013959547076;1.2605782990846997E-4
485;0.279647281311565;-2.619231861207681E-4
486;0.2796477724467236;2.4188468699982703E-4
487;0.2804369081924181;7.587640534595507E-4
488;0.28106969360471823;0.0011468020907479926
489;0.2812711981640342;0.0012270772679898075
490;0.2814235936454704;0.0014096764839699766
491;0.2816474546684366;0.0017056692999662074
492;0.28223671191456207;0.002575058564950293
493;0.2824538422559313;0.002650408224104772
494;0.2821348487827394;0.0024911397966606483
495;0.28231049429282773;0.0027698223275601486
496;0.282688187319473;0.0029199794044389555
497;0.2827940349841012;0.0028012771146600076
498;0.28301742747289177;0.0031277122400965663
499;0.28281294972503956;0.003037104340491681
500;0.28236341678758825;0.0030161084294875475
501;0.2819491728887089;0.002692099247276198
502;0.281899271284456;0.002418690023025483
503;0.2818004634146538;0.0019868789305507546
504;0.28172380750489256;0.0016330539732369316
505;0.28201298419315907;0.001725219683497208
506;0.28214381016846257;0.0015331496976870112
507;0.28239375507317377;0.001657250736954175
508;0.28313385815047526;0.0023646635868259684
509;0.28363929793925274;0.0024010742727278564
510;0.2836853195416696;0.00227347929011118
511;0.28315019106317296;0.0017962167079483365
512;0.2818275945080918;8.742253606013696E-4
513;0.2810725848747759;7.470112314648992E-4
514;0.2811223194826131;0.0014616659916823072
515;0.28116837791074994;0.0021543790597343274
516;0.2809089352313758;0.002291228474700463
517;0.28061674632640626;0.0019926312449817514
518;0.2807981545652886;0.002513024359091845
519;0.2811538976650855;0.003069540584295001
520;0.28197970033438136;0.003758994050784871
521;0.2825361996993835;0.00405395447737849
522;0.2829843539750851;0.004169304624852527
523;0.28268074765591633;0.003685580535237767
524;0.28248618032543604;0.003798491795741788
525;0.2827729185540543;0.0042157055299505645
526;0.2830641160397826;0.004363076684511196
527;0.2840349402884169;0.0054032131222612936
528;0.28565867452374655;0.006576476148919116
529;0.28679759700486557;0.007060961113640257
530;0.28756767186328386;0.0073104086080731795
531;0.28834159216927613;0.007398393853519159
532;0.28840063891456164;0.0069744405587071
533;0.2884517389548453;0.006769707043526615
534;0.28894857812387;0.006904631524461821
535;0.2889056773648161;0.006289329753633074
536;0.28923083474547623;0.006306238839102968
537;0.2897630736210345;0.0063695403557450765
538;0.2903554075704263;0.0061645094996846065
539;0.29073024835358596;0.006350764882717299
540;0.2907717421604116;0.005810265161130328
541;0.29091552516611424;0.005271025182852517
542;0.291457393091335;0.005057907522787184
543;0.29141046543898563;0.00441753889742396
544;0.2909815784337787;0.0034464005887266773
545;0.2909904059120137;0.0032841672129024085
546;0.29093301740329086;0.0031197318519885645
547;0.29106008711003906;0.0025585804197449545
548;0.2910701172377432;0.002141233349758512
549;0.29024357518535;0.001024963951432266
550;0.28934845279100824;4.922412494560949E-4
551;0.2882701237720148;-1.7359393942957893E-4
552;0.2877568945197872;-1.0116217469910358E-4
553;0.28774062347469;3.307070185113524E-4
554;0.2869756605039048;1.5645774364955178E-4
555;0.2858207227030646;-3.718230403186758E-4
556;0.284747436988583;-0.0012471491663581253
557;0.28418179365476276;-0.0013857215004192257
558;0.28440590395526005;-0.0011966320358866357
559;0.284376805055501;-0.0010072794859366351
560;0.2844262081214089;-4.225699036479222E-4
561;0.2844686446535786;5.811163513606971E-5
562;0.2841086098306379;4.286062878072761E-6
563;0.28355439305990815;-4.1805852456171315E-4
564;0.283317745305786;-5.445138347128953E-4
565;0.28310976926868814;-9.710730872446304E-4
566;0.2826676917923912;-0.0015266786227316662
567;0.28253280108413736;-0.0013684670930800599
568;0.28298878424567186;-0.0011842026719528261
569;0.28296546415204477;-0.001082988078648143
570;0.28347993419096684;-6.84771550553756E-4
571;0.2838472391695388;-2.7747993266328543E-4
572;0.2837786941624832;-1.9451945039529946E-4
573;0.28375890625421396;-1.1671952777492154E-4
574;0.2840669841635458;2.8811622538968407E-5
575;0.28418899533442404;-1.0677565904757685E-5
576;0.2839516827433724;-3.3049938279477027E-4
577;0.2835953677379691;-4.913935073300818E-4
578;0.28313311110315964;-6.323325285881844E-4
579;0.28254676110167953;-9.854354822035282E-4
580;0.2822956007533837;-0.0012069420256222174
581;0.2824673542305857;-0.0010599683949929321
582;0.28238484958532745;-9.576797427999446E-4
583;0.2821308201789436;-0.0010220928492360843
584;0.2811748435794686;-0.0014961030250885514
585;0.2803757577843317;-0.0017877245595880025
586;0.2800798577831437;-0.001879980408715906
587;0.2797352344899001;-0.0020843970393738345
588;0.279362585342665;-0.002171092918919603
589;0.27904740032112074;-0.002172790607659487
590;0.27862718981085793;-0.002290529964498084
591;0.2791694967103952;-0.0015266578109066793
592;0.2791677442315811;-0.0016217530066705663
593;0.27886583492602407;-0.0018740488497524452
594;0.2788139865159559;-0.001996934899480358
595;0.27931030037114185;-0.0016903011070601819
596;0.27927891597539356;-0.0017602042271917238
597;0.27895441027097934;-0.002059653588526819
598;0.2781065488558897;-0.0028747019131378075
599;0.2766979029512399;-0.0038926046661266847
600;0.2765974589817887;-0.0037126151560848914
601;0.27702076023839994;-0.0033352582713113725
602;0.27783713401236293;-0.0026560294603273403
603;0.27889744109327147;-0.0017367649815976827
604;0.2799205183807867;-8.88678808562781E-4
605;0.2809257468736897;-1.7987986357312287E-4
606;0.2817405700685348;3.2989303134049396E-5
607;0.28166511579863973;-5.302440546075822E-4
608;0.2811491191197728;-0.0012222696718414024
609;0.2805287121821983;-0.0018515322227659562
610;0.2799252540805605;-0.0025129985764880047
611;0.2797840820961193;-0.002382282470747333
612;0.27984821350384836;-0.0022782256923036715
613;0.27958562203935466;-0.0026949630190114785
614;0.2791754344034206;-0.003011676142910567
615;0.2786151390496244;-0.0033999423270197997
616;0.2781253650472969;-0.003715902727234607
617;0.27746857147560605;-0.003997870907902027
618;0.2771854236919616;-0.004116303402990357
619;0.27790566199445804;-0.0033218189480691642
620;0.2787008389766432;-0.0030616207744667287
621;0.2793843646508958;-0.0026537004483025823
622;0.2791005856082265;-0.0032178561952933885
623;0.2781354952655012;-0.0038838402563396235
624;0.2768470799452475;-0.004365010954465296
625;0.27605267836591385;-0.00464493885813154
626;0.27489276665484125;-0.0056530492011054026
627;0.27386866358110207;-0.006193749467384735
628;0.27244259593431397;-0.007440196113018704
629;0.2713268218616406;-0.00801356750300355
630;0.2705979687205466;-0.007670778755227646
631;0.26959042134170536;-0.007923656351493499
632;0.26876770617495244;-0.00790647666554207
633;0.2683777005169654;-0.007501784401862471
634;0.26901742195857653;-0.006377191798900031
635;0.2695259362930215;-0.00562342008387533
636;0.270007906461899;-0.004965252700504564
637;0.26951492200376725;-0.005392319560401866
638;0.2691690653634017;-0.005511918656455785
639;0.2696264504277064;-0.005107058064213605
640;0.27022204905655417;-0.004523646598584253
641;0.2705929689826289;-0.0040766596449769545
642;0.2712101095721696;-0.003544026665898578
643;0.2722711498754965;-0.0027225760360546658
644;0.2728946439135567;-0.002823175668393229
645;0.2730902987729309;-0.002935112187612976
646;0.2722176579116112;-0.004031193570184435
647;0.2717185252071757;-0.0038210894584750064
648;0.2712442921808309;-0.003956988610049248
649;0.2709707010689052;-0.004055732703276239
650;0.2705843593684887;-0.004679705020106966
651;0.27063966540523887;-0.004571326590179775
652;0.27085875707144036;-0.004472777942317889
653;0.2707277222823563;-0.004515324860953441
654;0.2703673688274725;-0.0047568359269672894
655;0.26989519930275735;-0.005064587854412803
656;0.2697047493303592;-0.005047492426709162
657;0.2694866864997961;-0.004790217594917114
658;0.26953500243932893;-0.0042296752903361445
659;0.26968124701359936;-0.00425747616923716
660;0.27000838165599184;-0.0041333471166127966
661;0.27042851570221327;-0.003918732563229737
662;0.27024001024335037;-0.004311189475466286
663;0.26971648564695544;-0.004428439749497532
664;0.2693996910514754;-0.004540514327275985
665;0.269566466039235;-0.004395981505043231
666;0.2699354631691323;-0.004216990444142388
667;0.27086091747737523;-0.0033053886066235633
668;0.27198907947848894;-0.0027498874981831097
669;0.2728374827862841;-0.0024771302561851167
670;0.27366672133668934;-0.002237582908326667
671;0.2740495094120024;-0.0022549742764956826
672;0.2749326028362564;-0.0015030613192862981
673;0.2761245604616699;-0.0011132305131882133
674;0.2769630403869484;-8.684757771401152E-4
675;0.27713564540208196;-0.001340352388042837
676;0.27670664424979086;-0.0018617630529571424
677;0.27677958376052736;-0.0020020936733927317
678;0.27681585906156425;-0.002194858107508445
679;0.2763099180005163;-0.0029009389348746114
680;0.27566165643093316;-0.003650679566226417
681;0.27506138735645236;-0.004172849401869451
682;0.2746686530673982;-0.004666346275152653
683;0.2738427358835884;-0.0053494614467634516
684;0.273160477347668;-0.005446254285555437
685;0.2727314398431737;-0.005733466121245428
686;0.27266284092896315;-0.0052395256973769375
687;0.27319960839892493;-0.004592888166623053
688;0.27351050027751767;-0.004568314453079445
689;0.2736438278656076;-0.004347517218714361
690;0.27338725560557187;-0.004849624255634506
691;0.273344907306999;-0.004667330100391127
692;0.273941078750882;-0.0038801787212543945
693;0.27480372068200154;-0.002998182370393396
694;0.27560114521601375;-0.0021689862525199138
695;0.27629371904895916;-0.0016967412911330873
696;0.2769551371004179;-0.0013311530909451412
697;0.2777280401767073;-5.060173742320109E-4
698;0.27876842275096114;3.1005785410605295E-4
699;0.2796373473546715;4.981849115610344E-4
700;0.2802129296886293;5.295810197405583E-4
701;0.27953997408955533;-7.828417933711397E-4
702;0.27877447040008907;-0.0015448561207380286
703;0.2784308919087249;-0.0017986065224805622
704;0.2783891551689886;-0.00234060434339838
705;0.27807623746059773;-0.0032178994165677766
706;0.278212579806869;-0.0035691902374647153
707;0.2781518942851534;-0.0039602305046148355
708;0.27757129781691897;-0.004448370701747506
709;0.277442816390932;-0.004315758865694129
710;0.2768230632824692;-0.0050340780080982235
711;0.2761186682662573;-0.0054956155667129376
712;0.2760419764682809;-0.005048791301753967
713;0.27570784106086077;-0.004784441618109777
714;0.2754523165788596;-0.004661909377968871
715;0.27596111807915463;-0.003934226875540596
716;0.27706559589035445;-0.00278249620858076
717;0.2784435379744542;-0.0016949274013940945
718;0.2796317646024451;-6.939916374138794E-4
719;0.2799723926715858;-4.448627284165195E-4
720;0.28003515497587694;-1.338974849742401E-4
721;0.27945338061629005;-0.0011325837117493395
722;0.27844864765902116;-0.0021063733602800063
723;0.277029602487242;-0.0030904607704578236
724;0.2755302846746401;-0.004221477002551582
725;0.27486487826496;-0.004451167237630887
726;0.27443846390347215;-0.004465821696881525
727;0.2745729156400035;-0.004145108028173453
728;0.2747124021919779;-0.004147850886525697
729;0.27480628803806534;-0.0041847041332595146
730;0.2748243382044232;-0.004078902283493546
731;0.27462123278860656;-0.004305805487696067
732;0.27439458748123235;-0.0042654826578846766
733;0.2737144823253339;-0.0045135596253405574
734;0.2736919565024222;-0.004330675455128237
735;0.2739810696807575;-0.004206235566406945
736;0.27416045399958994;-0.0043837895647147445
737;0.27403534522874257;-0.004995071387327761
738;0.27380384598300894;-0.0055598214400671316
739;0.2728232676082862;-0.006677370974213226
740;0.2718062408902119;-0.007451701462753235
741;0.27106506851006396;-0.0080098124189983
742;0.2702548088318854;-0.008199091540765537
743;0.26952130023605886;-0.008270696736282376
744;0.26973498841072724;-0.007461269661605369
745;0.2707683393755465;-0.006289244210733023
746;0.27262933650096094;-0.004781566677230323
747;0.2744332789546543;-0.003780183041132825
748;0.27584484116842617;-0.0031567711438466256
749;0.2765819692885557;-0.0032549181727117025
750;0.27744171143562746;-0.0027297157905097195
751;0.278046078184868;-0.0027939141058780322
752;0.2794588411168476;-0.0022583650358508818
753;0.28095525480380157;-0.0017288699139249228
754;0.2817881529567064;-0.0014162435212124209
755;0.28169699569043755;-0.002119012284492115
756;0.2812123428873664;-0.003161503714474566
757;0.2813537631398806;-0.0033522889683029267
758;0.2813852850494011;-0.004041528292784883
759;0.28114347423558;-0.004530160667817564
760;0.2807604442586604;-0.005170738891016232
761;0.28074575165027527;-0.005456890300827492
762;0.28014029618239694;-0.006083110116562757
763;0.27958917304807535;-0.0061075480597183466
764;0.27918417846282667;-0.0060211950187141336
765;0.27922697259057744;-0.005711477413841766
766;0.2796498399777331;-0.005757583756034771
767;0.27921205539624966;-0.00608792767804955
768;0.27863882355507835;-0.0062464848810342465
769;0.2780333844487926;-0.006199559248770784
770;0.2775092017435583;-0.005947779466359189
771;0.2773356873150801;-0.005516082845011368
772;0.27724200215693984;-0.005039553088787925
773;0.27673199405834814;-0.005179823449150462
774;0.2769089425760986;-0.0046639405160891784
775;0.2770008873618;-0.00439370528118888
776;0.2775295433730624;-0.0036879773953906853
777;0.2779445052395542;-0.003170422387447408
778;0.2784656286471998;-0.0025827152671985577
779;0.2786497436317046;-0.0024817472732021834
780;0.27930361337773546;-0.0018791321136501123
781;0.27988246798337446;-0.0011733958886453837
782;0.28073865862700864;-2.3793897629595696E-4
783;0.28099258199168375;-3.629011071926216E-5
784;0.2818978648424716;5.051879550578723E-4
785;0.28225921136769916;4.338221418912984E-4
786;0.28219816091180794;-4.1935131091994755E-4
787;0.2822092916629811;-7.482526169767974E-4
788;0.2815069449943535;-0.001376837808361065
789;0.2801788380602698;-0.0022628627523588033
790;0.2789762725567228;-0.0029931436189135165
791;0.278212911961636;-0.0035780083851919575
792;0.2776461798574081;-0.0038858666282698523
793;0.2777601193632183;-0.0031147376706983803
794;0.2780810792953817;-0.0024855631386846563
795;0.2780094125404613;-0.0023876288288617624
796;0.27815762224849483;-0.0019366288827391664
797;0.2791012235228432;-7.618891399384979E-4
798;0.2793723551254447;-3.2216009410864014E-4
799;0.2798219269618479;5.303537236576318E-4
800;0.28035925036539844;0.0010310459572060997
801;0.28111089301901215;0.001580170832482175
802;0.28221919210810037;0.0021923021875209455
803;0.2829379801432622;0.0023368152248478815
804;0.2836831922060163;0.0027761841227096178
805;0.28377600957687976;0.002011613427204419
806;0.2836250687967807;0.0015382106626867357
807;0.28427995162880093;0.0017985951078690985
808;0.2846983429806601;0.001542666668851883
809;0.2842348185102685;6.411011722213262E-4
810;0.2836773560483611;1.0612124297498319E-4
811;0.2831170078339154;-5.497209850898029E-4
812;0.2823674865890399;-0.0014245334635096523
813;0.28142169825903357;-0.002279039717968487
814;0.2807488811106237;-0.0028952155068058968
815;0.280166527420752;-0.0029275567364650734
816;0.28020015990802444;-0.002575440834332279
817;0.2800094932520462;-0.002279467069010583
818;0.27989729001728403;-0.0019003890610394842
819;0.27975456477011224;-0.0017613214021473707
820;0.2795983041139359;-0.00168429145221448
821;0.27952990882029144;-0.0016767171885642932
822;0.2793121425438659;-0.0016162392215757417
823;0.27956403431962074;-0.0015963712071122038
824;0.28002028934337553;-0.001855174995246877
825;0.280806406440001;-0.001479476838758325
826;0.281429110061997;-0.0012670969971610019
827;0.2819572878924357;-9.385138278089969E-4
828;0.2826854901342035;-2.321908057788244E-4
829;0.2831895538599335;3.447867833811055E-4
830;0.2833395571367396;5.739633564832661E-4
831;0.2828628700612254;1.0613506083884116E-5
832;0.28258335089024256;-2.1003301094699305E-4
833;0.2819039367002338;-0.0010412709399019511
834;0.280941797389216;-0.0022661281614926023
835;0.2808384887826013;-0.002844241549249004
836;0.28043052355669795;-0.0037014617626973723
837;0.27967813580564693;-0.004859054789101981
838;0.27813172965461364;-0.006384311622168648
839;0.2765656546347325;-0.00751830609856724
840;0.2757302990201517;-0.007577389511162319
841;0.2753264911858513;-0.0069448016159393226
842;0.2750618227157169;-0.0068455525391298315
843;0.2749557230247588;-0.005897721101776044
844;0.27514184624953364;-0.005197946655621966
845;0.2749871790878044;-0.004968607601694992
846;0.27458416446027945;-0.004813658470027644
847;0.27392286725902937;-0.005006645987762326
848;0.273303031473339;-0.005439256024413492
849;0.27289122796305765;-0.00546233497228798
850;0.27226975543787757;-0.006026742034736673
851;0.27148740577426567;-0.006717384477099106
852;0.2704835781280548;-0.007393322675910545
853;0.270009996468322;-0.007570468927997726
854;0.2694507991035637;-0.007858950881610042
855;0.2686369525859178;-0.008560383833582319
856;0.2679332519378533;-0.00881791415712813
857;0.2676909288834237;-0.008937983642301875
858;0.2681962568801234;-0.008528895088172894
859;0.26778863177540146;-0.00869826324559041
860;0.26712223436753096;-0.009037949484777744
861;0.26678019399348807;-0.00906474983202718
862;0.2667160899060397;-0.00892603739956441
863;0.2656517256847562;-0.00940021051975409
864;0.2644738288862364;-0.009847020499273534
865;0.264062437405837;-0.009411400005744742
866;0.26424293001525434;-0.00830987033209694
867;0.26446425725454825;-0.007624874735599052
868;0.2646992472508106;-0.006733968823592178
869;0.2654770200816504;-0.005841680405659559
870;0.2663384442614643;-0.005165498517123114
871;0.2669660177080815;-0.004986214454996363
872;0.2673185650934277;-0.00455232425603308
873;0.2674639805431973;-0.00450990879265521
874;0.2679869535669313;-0.0044951413295808585
875;0.26879187965545165;-0.003960535569221111
876;0.27006072243384854;-0.003477640573959973
877;0.27110843997694994;-0.0027322292185186455
878;0.2719733232026207;-0.002048365223211596
879;0.2730504353123457;-0.0012411504262320808
880;0.27378844128361973;-7.666295663435269E-4
881;0.2738673558920877;-0.001244572948522323
882;0.27389226905355524;-0.0014963324333809023
883;0.27386091420717057;-0.0020409071211813863
884;0.27391353350153747;-0.0025140306831219006
885;0.2741395117527995;-0.0027144749735907073
886;0.2741812322244894;-0.002763966480058913
887;0.27391531643147743;-0.003437122760975855
888;0.2735516743117814;-0.004478398718274155
889;0.27360049877917564;-0.004603698580913947
890;0.27383371113518995;-0.0044288607948318025
891;0.2740552398546792;-0.004537959410342837
892;0.27486449046812256;-0.003877947403371427
893;0.2760924790652219;-0.003351180228785178
894;0.2774684819513055;-0.002266167291209991
895;0.27820587882036285;-0.002102804716106789
896;0.27852595239314426;-0.0023603273668872616
897;0.27795608490453055;-0.0031841111339713348
898;0.27717045009523145;-0.0038864078642426004
899;0.27595747201834697;-0.0047141718410390705
900;0.27495916493330297;-0.005613560088570226
901;0.2745322294905606;-0.005859258789131703
902;0.27461211730950835;-0.005859423686979208
903;0.2745331793698105;-0.005680342350109063
904;0.27380293653784415;-0.006454346019342011
905;0.2732678299708261;-0.0069655816987962225
906;0.27287060599411056;-0.007050493216821477
907;0.2723938630794167;-0.007172111015523877
908;0.2723988940259398;-0.0066175985981736215
909;0.2724271048474359;-0.006170742187082303
910;0.27303178348668433;-0.005556936428325177
911;0.27295899289721914;-0.0057512619455671364
912;0.27254737583386673;-0.0061242122750872225
913;0.2728612918083313;-0.005837989224333144
914;0.27275041887522294;-0.0059947377249609255
915;0.2724665509918534;-0.005880344670189096
916;0.2720739042448146;-0.0059678254996364845
917;0.2722947738282292;-0.005303735651969093
918;0.27246022210712584;-0.0045885503706984115
919;0.27311259212418476;-0.0032898762982835747
920;0.27362719754522236;-0.00272886241603666
921;0.2743087946768287;-0.002047098681287083
922;0.2748341909307722;-0.002058036706809572
923;0.2751214396842886;-0.0022511011166876206
924;0.27480584149110704;-0.003144980418513357
925;0.2750645213927341;-0.002918961670682902
926;0.27576422977272264;-0.0026997553287851986
927;0.277002204040459;-0.0021593112106068043
928;0.27737589621895603;-0.0026453110735019172
929;0.27678995472821843;-0.003498439246082061
930;0.2765797645037093;-0.0039792124572882144
931;0.27663359438416485;-0.004375264408078129
932;0.2764233086846034;-0.005228497262819874
933;0.27577431384648304;-0.006564452790283866
934;0.275120390728315;-0.007482562963900421
935;0.27386471738009904;-0.00840034283095081
936;0.27313737430971724;-0.0082854009328456
937;0.2722183203201559;-0.008873361264556439
938;0.2709616766435642;-0.009292316099481767
939;0.2698426126899468;-0.009017514788725391
940;0.2690447363549707;-0.008689297252173819
941;0.26928237916596764;-0.007506702369181423
942;0.2692896867999869;-0.00706450311224346
943;0.2693086154128721;-0.0062641151599909265
944;0.26971912847108065;-0.005308390241984177
945;0.27026204559278544;-0.004765102790225178
946;0.27079342020862657;-0.004509318136978841
947;0.2718092184219737;-0.003698122086154275
948;0.2728683769062128;-0.003040485090264663
949;0.27339673570097184;-0.002914620670673066
950;0.2743371158041944;-0.0024841056981276415
951;0.2753960920102586;-0.0022805340860933285
952;0.2759204556012798;-0.0025313692764526293
953;0.27607377540056355;-0.002828622761657765
954;0.2760141037881547;-0.0031453351175329395
955;0.27688577973424866;-0.0026985581232362213
956;0.27800503329582904;-0.002421584524287663
957;0.27911942643968957;-0.0020223474019692537
958;0.2797305845763626;-0.002188279313342549
959;0.28012311427187203;-0.0024790802625193086
960;0.2803388421955501;-0.0021624065626614196
961;0.280064385827477;-0.0027677452628907537
962;0.27980103449820526;-0.003303192734982785
963;0.27977347637951705;-0.003516264553726449
964;0.2803274027350712;-0.003251648758010732
965;0.2806994482978338;-0.0031809098533371037
966;0.2800630907796756;-0.0036751470120576094
967;0.27937687277604306;-0.003966216079589381
968;0.27862272339470784;-0.004324398322576498
969;0.2777284720202101;-0.005219420526489476
970;0.27727150261315936;-0.005799653358760532
971;0.2765379230207889;-0.006489914998522997
972;0.27535643307214674;-0.007339998796832038
973;0.27381509665080783;-0.008664699103547325
974;0.2725371189261474;-0.0091135418489384
975;0.2716705795211026;-0.00956154047901615
976;0.27051644138736874;-0.010078726460447145
977;0.26985045634985444;-0.010082297013154115
978;0.26907434299539046;-0.010512749849972938
979;0.26787601121900906;-0.011239431908515354
980;0.26657068442354415;-0.01210248858531027
981;0.2655398311517703;-0.012174040457241039
982;0.26529189158697764;-0.011444081778927345
983;0.26487448180370843;-0.011078575806621981
984;0.2636788828102935;-0.011601517302024082
985;0.26289786765008155;-0.011291057527750758
986;0.2625989476807205;-0.011039196739248075
987;0.26304330345784;-0.010367935362441533
988;0.26272505894402925;-0.010610185635798505
989;0.26224367652511704;-0.010425102020481154
990;0.2620315208507309;-0.01015331279770442
991;0.26207018557829553;-0.009549678481465877
992;0.26240035948054263;-0.008903238849702852
993;0.26281825937486614;-0.008088268438995044
994;0.26314995828460874;-0.008109497094536464
995;0.26359059631586257;-0.007728045036795124
996;0.26439328995792;-0.007608460610996545
997;0.26520342423810184;-0.007390156456469217
998;0.26473987921369624;-0.00798160475786562
999;0.2638513670622319;-0.009039810957724256
